Datetime,Open,High,Low,Close,Volume
2015-04-19 22:00:00,0.5575,0.561,0.54125,0.55075,1169837320
2015-04-26 22:00:00,0.5525,0.5705,0.54775,0.56875,1153905960
2015-05-03 22:00:00,0.56825,0.572,0.51225,0.520625,2491247400
2015-05-10 22:00:00,0.5135,0.537,0.5095,0.5325,1750344280
2015-05-17 22:00:00,0.53125,0.535,0.52025,0.5215,1227905080
2015-05-24 22:00:00,0.519,0.557,0.51435,0.55325,1354888920
2015-05-31 22:00:00,0.55675,0.5650025,0.53925,0.5565,1484781760
2015-06-07 22:00:00,0.55475,0.5585,0.5265,0.52775,1735940360
2015-06-14 22:00:00,0.525,0.553,0.5205,0.54675,1452043640
2015-06-21 22:00:00,0.54775,0.55075,0.51625,0.5185,1953427240
2015-06-28 22:00:00,0.5125,0.5225,0.49925,0.5105,1156322760
2015-07-05 22:00:00,0.50625,0.51325,0.479,0.49375,1715819560
2015-07-12 22:00:00,0.49875,0.50475,0.48925,0.50175,1230686680
2015-07-19 22:00:00,0.50175,0.50375,0.47925,0.4855,1053362360
2015-07-26 22:00:00,0.48125,0.5055,0.47725,0.49875,1031959040
2015-08-02 22:00:00,0.50275,0.58425,0.49625,0.5745,2952780200
2015-08-09 22:00:00,0.5705,0.59875,0.567,0.5885,1972930560
2015-08-16 22:00:00,0.5875,0.5875,0.53625,0.53675,1619833520
2015-08-23 22:00:00,0.50675,0.57175,0.5,0.56825,2704653480
2015-08-30 22:00:00,0.5655,0.5695,0.535,0.54375,1467371120
2015-09-06 22:00:00,0.557,0.5735,0.549875,0.56625,1186502840
2015-09-13 22:00:00,0.569,0.59275,0.5642525,0.58225,1289070240
2015-09-20 22:00:00,0.583,0.60175,0.5625,0.59025,1423987480
2015-09-27 22:00:00,0.59025,0.620015,0.57875,0.62,2208142240
2015-10-04 22:00:00,0.624,0.657,0.62075,0.65175,2129913880
2015-10-11 22:00:00,0.6525,0.703,0.647625,0.6965,2112664080
2015-10-18 22:00:00,0.69875,0.7195,0.684,0.71475,1634875640
2015-10-25 22:00:00,0.71525,0.717,0.69075,0.70925,1301064280
2015-11-01 22:00:00,0.7115,0.7985,0.69075,0.78875,2660189960
2015-11-08 22:00:00,0.781,0.7875,0.74125,0.745,2248975880
2015-11-15 22:00:00,0.75475,0.78925,0.74875,0.78475,1445359640
2015-11-22 22:00:00,0.79125,0.79125,0.7695,0.78475,663284840
2015-11-29 22:00:00,0.7855,0.84525,0.78475,0.84375,1736393840
2015-12-06 22:00:00,0.8435,0.84375,0.80925,0.81225,1484669760
2015-12-13 22:00:00,0.813,0.839,0.8025,0.8035,1470053640
2015-12-20 22:00:00,0.81225,0.8315,0.805,0.82925,589200480
2015-12-27 22:00:00,0.8205,0.8485,0.809,0.824,674559480
2016-01-03 22:00:00,0.80725,0.836,0.739125,0.74075,2341467280
2016-01-10 22:00:00,0.7415,0.7655,0.666,0.67775,2802116680
2016-01-17 22:00:00,0.69175,0.716,0.66125,0.71125,1677789120
2016-01-24 22:00:00,0.711,0.733625,0.6875,0.73225,1317679440
2016-01-31 22:00:00,0.7315,0.73625,0.65875,0.66075,1907131800
2016-02-07 22:00:00,0.65075,0.66375,0.61875,0.64325,2050984640
2016-02-14 22:00:00,0.6525,0.774375,0.6505,0.761,2851107280
2016-02-21 22:00:00,0.772,0.802905,0.765,0.792,1867476920
2016-02-28 22:00:00,0.79025,0.8265,0.7835,0.81375,1383191400
2016-03-06 22:00:00,0.80925,0.81475,0.776,0.8055,1301433320
2016-03-13 22:00:00,0.80175,0.85625,0.78925,0.84525,1679364680
2016-03-20 22:00:00,0.83775,0.867,0.82875,0.862,1253753200
2016-03-27 22:00:00,0.8605,0.90625,0.8595,0.90375,1632072440
2016-04-03 22:00:00,0.91125,0.916,0.86575,0.8915,1820926480
2016-04-10 22:00:00,0.89675,0.9365,0.8785,0.92825,1884537600
2016-04-17 22:00:00,0.9265,0.9295,0.902,0.90675,1218429760
2016-04-24 22:00:00,0.907,0.93325,0.8785,0.88825,1462044000
2016-05-01 22:00:00,0.89675,0.9055,0.86,0.88325,1435987320
2016-05-08 22:00:00,0.8855,1.025,0.87325,1.0245,3711988720
2016-05-15 22:00:00,1.01675,1.11275,1.0135,1.10825,2932455480
2016-05-22 22:00:00,1.113,1.1495,1.10325,1.1475,1875579160
2016-05-29 22:00:00,1.1525,1.1885,1.1415,1.162,1589938560
2016-06-05 22:00:00,1.165,1.18625,1.145,1.155,1622721920
2016-06-12 22:00:00,1.15625,1.19425,1.153875,1.168,1792426280
2016-06-19 22:00:00,1.18675,1.2135,1.1325,1.14325,2024460480
2016-06-26 22:00:00,1.13375,1.184,1.11425,1.1665,1800616160
2016-07-03 22:00:00,1.16,1.277275,1.15075,1.27125,1521516800
2016-07-10 22:00:00,1.2895,1.345,1.288,1.3175,1955650080
2016-07-17 22:00:00,1.33375,1.36675,1.31925,1.36675,1609178080
2016-07-24 22:00:00,1.375,1.43125,1.369,1.4275,1905217360
2016-07-31 22:00:00,1.4335,1.45575,1.3875,1.455,1527997480
2016-08-07 22:00:00,1.475,1.5845,1.453,1.576,3159952520
2016-08-14 22:00:00,1.57775,1.58741,1.516375,1.5565,2079413560
2016-08-21 22:00:00,1.56125,1.583,1.519,1.55075,1589015680
2016-08-28 22:00:00,1.557,1.5845,1.529,1.56325,1700383600
2016-09-04 22:00:00,1.56875,1.5807125,1.475,1.488,1718368200
2016-09-11 22:00:00,1.46825,1.58125,1.432875,1.571,2807239240
2016-09-18 22:00:00,1.5875,1.636,1.5685,1.62375,1669320280
2016-09-25 22:00:00,1.60525,1.72975,1.58825,1.713,1719197800
2016-10-02 22:00:00,1.713,1.7425,1.6565,1.67125,1476133040
2016-10-09 22:00:00,1.68,1.689,1.5925,1.64975,1817085200
2016-10-16 22:00:00,1.6495,1.69875,1.638,1.6885,1255344880
2016-10-23 22:00:00,1.7,1.82375,1.69975,1.764,1751159320
2016-10-30 22:00:00,1.76975,1.79525,1.664375,1.68925,1659906440
2016-11-06 22:00:00,1.73875,2.21925,1.669,2.19925,4418622280
2016-11-13 22:00:00,2.20225,2.3698075,2.0905,2.334,4371922320
2016-11-20 22:00:00,2.35225,2.3812475,2.3095,2.354,1405601400
2016-11-27 22:00:00,2.34675,2.3685,2.11925,2.21125,2677619040
2016-12-04 22:00:00,2.24975,2.4155,2.225,2.2955,2345739760
2016-12-11 22:00:00,2.24625,2.5175,2.1885,2.51025,3809019360
2016-12-18 22:00:00,2.4925,2.745875,2.475,2.7445,3535152600
2016-12-25 22:00:00,2.8015,2.99825,2.57,2.6685,6878335960
2017-01-01 22:00:00,2.61,2.65925,2.4845,2.5775,4508367200
2017-01-08 22:00:00,2.5875,2.72975,2.5405,2.58575,3406269560
2017-01-15 22:00:00,2.575,2.67,2.47775,2.60025,2371928360
2017-01-22 22:00:00,2.595,2.79725,2.5925,2.79425,2252132320
2017-01-29 22:00:00,2.773,2.8975,2.697765,2.8595,2304689000
2017-02-05 22:00:00,2.85,3.023,2.815,2.8405,4196231120
2017-02-12 22:00:00,2.83475,2.8495,2.61975,2.68075,3615288840
2017-02-19 22:00:00,2.70575,2.795,2.3925,2.5365,3608513960
2017-02-26 22:00:00,2.555,2.63,2.4055,2.46075,3465353120
2017-03-05 22:00:00,2.424,2.5325,2.37925,2.478,3103479280
2017-03-12 22:00:00,2.4885,2.653,2.48775,2.65175,3553973320
2017-03-19 22:00:00,2.6695,2.749,2.6325,2.68675,3252257960
2017-03-26 22:00:00,2.6395,2.75,2.589375,2.72325,2255420560
2017-04-02 22:00:00,2.72375,2.74125,2.46025,2.50825,3527748120
2017-04-09 22:00:00,2.509,2.51575,2.38725,2.38725,2295466080
2017-04-16 22:00:00,2.40025,2.54475,2.395,2.542,1994146240
2017-04-23 22:00:00,2.574,2.6495,2.55275,2.6075,1755209160
2017-04-30 22:00:00,2.6185,2.67125,2.564,2.5965,1712828840
2017-05-07 22:00:00,2.6085,3.26075,2.55775,3.19725,6244419320
2017-05-14 22:00:00,3.239,3.4555,3.17625,3.4,5654008200
2017-05-21 22:00:00,3.44425,3.632,3.39275,3.546,3722606600
2017-05-28 22:00:00,3.5925,3.675,3.55125,3.591,2867763720
2017-06-04 22:00:00,3.5745,4.2125,3.56275,3.74,7043389000
2017-06-11 22:00:00,3.647,3.86925,3.55275,3.7905,6443458320
2017-06-18 22:00:00,3.83525,4.0435,3.8305,3.84575,4113993200
2017-06-25 22:00:00,3.879,3.915,3.5875,3.614,4853885800
2017-07-02 22:00:00,3.62625,3.6875,3.4645,3.669,2221446880
2017-07-09 22:00:00,3.7435,4.1575,3.717105,4.12375,5172736240
2017-07-16 22:00:00,4.15825,4.2325,4.0325,4.2025,3742401280
2017-07-23 22:00:00,4.20975,4.248175,3.939,4.10975,3085687080
2017-07-30 22:00:00,4.1235,4.25175,4.0155,4.18025,2501014240
2017-08-06 22:00:00,4.20975,4.364,3.82275,3.899,4828812600
2017-08-13 22:00:00,3.99175,4.24175,3.98,4.0375,3766830480
2017-08-20 22:00:00,4.06225,4.182,3.93425,4.09525,2480547560
2017-08-27 22:00:00,4.1145,4.2975,4.056525,4.2615,2156107240
2017-09-03 22:00:00,4.2095,4.2146075,4.06775,4.09225,1946091960
2017-09-10 22:00:00,4.1385,4.50275,4.133,4.50275,3438394200
2017-09-17 22:00:00,4.6285,4.78,4.44025,4.475,4850490640
2017-09-24 22:00:00,4.44375,4.49325,4.254,4.46925,3768252480
2017-10-01 22:00:00,4.52,4.55,4.425,4.5325,2077820400
2017-10-08 22:00:00,4.56975,4.875,4.55075,4.86475,3224898240
2017-10-15 22:00:00,4.895,4.98975,4.8112525,4.9225,2644937880
2017-10-22 22:00:00,4.9445,5.04675,4.77925,5.0465,2559037440
2017-10-29 22:00:00,5.0465,5.24925,5.0305,5.21725,2114493280
2017-11-05 22:00:00,5.18,5.46675,5.00925,5.4035,3572452160
2017-11-12 22:00:00,5.4035,5.42925,5.195,5.284,2571048560
2017-11-19 22:00:00,5.29975,5.425,5.2625,5.424,1332666680
2017-11-26 22:00:00,5.43275,5.434,4.78075,4.942,3967754240
2017-12-03 22:00:00,5.00125,5.0075,4.5145,4.78725,3698836840
2017-12-10 22:00:00,4.8015,4.8695,4.615,4.789,2490244480
2017-12-17 22:00:00,4.83,4.95175,4.78125,4.88175,1906800160
2017-12-24 22:00:00,4.82575,4.99925,4.7955,4.8375,1204784800
2017-12-31 22:00:00,4.8945,5.45125,4.8625,5.385,2433713240
2018-01-07 22:00:00,5.51,5.65675,5.4,5.5745,2726828480
2018-01-14 22:00:00,5.60125,5.77725,5.41725,5.75275,2258769440
2018-01-21 22:00:00,5.76075,6.0835,5.7025,6.08325,2532380800
2018-01-28 22:00:00,6.0685,6.23175,5.77925,5.838,2742210720
2018-02-04 22:00:00,5.675,5.97225,5.1,5.802,5901541600
2018-02-11 22:00:00,5.883875,6.25,5.6257625,6.096,3800246040
2018-02-18 22:00:00,6.11875,6.2991875,5.9875,6.14825,2528197960
2018-02-25 22:00:00,6.195,6.22275,5.54625,5.9135,3401411120
2018-03-04 22:00:00,5.86275,6.14625,5.738025,6.13325,2756231640
2018-03-11 22:00:00,6.175,6.3625,6.151,6.262,2531739200
2018-03-18 22:00:00,6.2045,6.3,5.813,5.82425,2993973720
2018-03-25 22:00:00,5.95,6.25,5.425,5.78975,3882959680
2018-04-01 22:00:00,5.7185,5.86625,5.3268375,5.35625,3742917120
2018-04-08 22:00:00,5.42,5.93775,5.365,5.7875,2821473040
2018-04-15 22:00:00,5.7943,5.98125,5.67,5.71775,2047574840
2018-04-22 22:00:00,5.73575,5.7875,5.2575,5.65825,2207271160
2018-04-29 22:00:00,5.67475,5.9797225,5.555,5.9765,1693686280
2018-05-06 22:00:00,6.0823675,6.5125,6.07225,6.36325,3999526680
2018-05-13 22:00:00,6.40175,6.46225,6.0375,6.1485,3043997600
2018-05-20 22:00:00,6.247,6.25075,6.00625,6.232,2331330400
2018-05-27 22:00:00,6.21375,6.44675,6.1675,6.4405,1659516160
2018-06-03 22:00:00,6.475,6.66475,6.4425,6.557,2134998280
2018-06-10 22:00:00,6.54425,6.73,6.4915,6.6315,1785011840
2018-06-17 22:00:00,6.587,6.645,6.2582525,6.27375,2114654080
2018-06-24 22:00:00,6.16625,6.17,5.87525,5.9225,2328905800
2018-07-01 22:00:00,5.85225,6.191625,5.8316225,6.18325,1182877720
2018-07-08 22:00:00,6.2582425,6.3535,6.1517675,6.233,1624072920
2018-07-15 22:00:00,6.205,6.3575,6.1295,6.27225,1295052240
2018-07-22 22:00:00,6.2455,6.415,6.082,6.3005,1596935200
2018-07-29 22:00:00,6.31475,6.3265,6.03025,6.3025,1391840600
2018-08-05 22:00:00,6.28975,6.506,6.2426475,6.36975,1188640680
2018-08-12 22:00:00,6.3785,6.590975,6.09325,6.1205,3377008320
2018-08-19 22:00:00,6.0795,6.82025,5.968,6.8055,3530426520
2018-08-26 22:00:00,6.8355,7.042925,6.73825,7.017,2054470120
2018-09-02 22:00:00,7.00375,7.1305,6.67975,6.7965,1403092120
2018-09-09 22:00:00,6.81925,6.9775,6.548,6.91075,1574812040
2018-09-16 22:00:00,6.8850475,6.956,6.55275,6.58625,1595616120
2018-09-23 22:00:00,6.555,7.04788,6.467,7.0255,1766675640
2018-09-30 22:00:00,7.104,7.319,6.6885,6.7465,2144427600
2018-10-07 22:00:00,6.6625,6.779,5.856525,6.1635,2700722320
2018-10-14 22:00:00,6.15,6.247,5.6925,5.72925,2325773000
2018-10-21 22:00:00,5.782,5.883,4.828,4.95725,3496076120
2018-10-28 22:00:00,5.09975,5.55,4.40025,5.373,3330366440
2018-11-04 22:00:00,5.35975,5.43525,5.026,5.14175,2086747680
2018-11-11 22:00:00,5.0495,5.172,4.04025,4.11075,4592635440
2018-11-18 22:00:00,4.04475,4.0455,3.33275,3.625,4827315760
2018-11-25 22:00:00,3.74725,4.0964975,3.664,4.08575,3636156120
2018-12-02 22:00:00,4.315,4.367,3.6404,3.69025,3076903440
2018-12-09 22:00:00,3.645,3.89725,3.6205,3.66125,2898728800
2018-12-16 22:00:00,3.631,3.75825,3.2115,3.23925,3585932120
2018-12-23 22:00:00,3.16225,3.43475,3.1115,3.34125,2424474440
2018-12-30 22:00:00,3.385,3.462,3.19233,3.40475,2265064480
2019-01-06 22:00:00,3.4625,3.74375,3.41075,3.72075,3510354240
2019-01-13 22:00:00,3.668,3.9495,3.64425,3.92325,2962056800
2019-01-20 22:00:00,3.89275,4.022,3.6887675,4.00375,3116765160
2019-01-27 22:00:00,3.41375,3.66975,3.275,3.61825,6107590720
2019-02-03 22:00:00,3.63425,3.89,3.60325,3.70425,2872217080
2019-02-10 22:00:00,3.65975,4.09675,3.6125,3.9335,4035625520
2019-02-17 22:00:00,3.92275,4.0315,3.8795,3.97975,1943170080
2019-02-24 22:00:00,4.064,4.132,3.82775,3.91125,2326867040
2019-03-03 22:00:00,3.95,3.973,3.62,3.766,2048960880
2019-03-10 22:00:00,3.78975,4.28825,3.74225,4.24525,3389045920
2019-03-17 22:00:00,4.277,4.625,4.1964425,4.4375,3632884280
2019-03-24 22:00:00,4.3965,4.54375,4.27775,4.489,2640250160
2019-03-31 22:00:00,4.5815,4.79125,4.5093625,4.77375,2652645760
2019-04-07 22:00:00,4.743,4.83675,4.689,4.75025,2155247040
2019-04-14 22:00:00,4.7425,4.7615,4.5775,4.6575,1567048320
2019-04-21 22:00:00,4.63375,4.82025,4.3325,4.45225,2313282200
2019-04-28 22:00:00,4.46025,4.62175,4.3875,4.57525,1840631040
2019-05-05 22:00:00,4.3875,4.5085,4.1,4.2205,2626306880
2019-05-12 22:00:00,4.0875,4.11075,3.8735,3.91325,3487267760
2019-05-19 22:00:00,3.81375,3.8925,3.622,3.62875,2209214480
2019-05-26 22:00:00,3.6465,3.6795,3.38475,3.3865,1772174840
2019-06-02 22:00:00,3.39775,3.672,3.315,3.6375,2389090000
2019-06-09 22:00:00,3.694,3.809,3.5709,3.616,1848050160
2019-06-16 22:00:00,3.61425,3.93325,3.59125,3.794,1974197600
2019-06-23 22:00:00,3.8155,4.13425,3.768,4.10575,2021996040
2019-06-30 22:00:00,4.31425,4.34875,3.942,4.00575,1754948720
2019-07-07 22:00:00,3.94575,4.26175,3.875,4.19025,2313674400
2019-07-14 22:00:00,4.2115,4.31775,4.1210625,4.211,1767562680
2019-07-21 22:00:00,4.2325,4.47225,4.225,4.37675,1777211960
2019-07-28 22:00:00,4.3695,4.3985,3.982,4.02975,1654909880
2019-08-04 22:00:00,3.845,3.95775,3.7225,3.8545,1974105520
2019-08-11 22:00:00,3.802,4.0385,3.68485,3.989,2629441400
2019-08-18 22:00:00,4.103,4.33625,4.041,4.061,2581009000
2019-08-25 22:00:00,4.14025,4.2715,3.975,4.18775,1515253360
2019-09-01 22:00:00,4.1145,4.52725,4.0813,4.46625,1598092920
2019-09-08 22:00:00,4.4975,4.71,4.46975,4.5485,1784281280
2019-09-15 22:00:00,4.473,4.54,4.307,4.31725,1337937200
2019-09-22 22:00:00,4.3175,4.4755,4.233,4.294,1493959440
2019-09-29 22:00:00,4.32,4.57875,4.25325,4.54925,1587117640
2019-10-06 22:00:00,4.6145,4.7335,4.4125,4.64975,2023921760
2019-10-13 22:00:00,4.641,4.98225,4.609625,4.76225,1883015360
2019-10-20 22:00:00,4.824,5.13451,4.77575,5.1135,1552235200
2019-10-27 22:00:00,5.1575,5.2225,4.94525,5.06475,1241360800
2019-11-03 22:00:00,5.14625,5.2925,5.10275,5.1945,1416345480
2019-11-10 22:00:00,5.19375,5.2965,5.0159425,5.10475,2411216440
2019-11-17 22:00:00,5.09725,5.36375,5.09425,5.27225,1976204280
2019-11-24 22:00:00,5.401,5.53525,5.388,5.4185,1251014040
2019-12-01 22:00:00,5.4115,5.425,5.00925,5.30425,1539190200
2019-12-08 22:00:00,5.28125,5.7245,5.2725,5.59975,1566882480
2019-12-15 22:00:00,5.6475,6.00975,5.61925,5.98425,2045341280
2019-12-22 22:00:00,6.013,6.04525,5.89525,5.92175,932284560
2019-12-29 22:00:00,5.89975,5.99775,5.75325,5.90175,932909520
2020-01-05 22:00:00,5.808,6.21375,5.78175,6.108,1431263440
2020-01-12 22:00:00,6.1915,6.32471,6.11325,6.232,1481005000
2020-01-19 22:00:00,6.195125,6.4875,6.1642575,6.262,1075183680
2020-01-26 22:00:00,5.956,6.23175,5.80575,5.91075,1701884680
2020-02-02 22:00:00,5.8925,6.35625,5.88625,6.28975,1143726000
2020-02-09 22:00:00,6.3125,7.37425,6.3075,7.24475,3112748440
2020-02-16 22:00:00,7.1410875,7.908,7.1215,7.35175,2895555840
2020-02-23 22:00:00,6.75475,7.0468075,6.04475,6.75175,4703164240
2020-03-01 22:00:00,6.9225,7.12225,6.45,6.651,3196685800
2020-03-08 22:00:00,5.9975,6.527,5.395,6.021,3148253960
2020-03-15 22:00:00,5.31025,5.758,4.5170175,5.14375,4005018400
2020-03-22 22:00:00,5.14275,6.5779425,4.963,6.31825,3875366560
2020-03-29 22:00:00,6.384,6.8849975,5.95975,6.09775,3548102160
2020-04-05 22:00:00,6.381,6.95625,6.32325,6.57375,2581096680
2020-04-12 22:00:00,6.51375,7.475,6.425,7.308,2580245160
2020-04-19 22:00:00,7.181,7.3375,6.67775,7.23975,2446082160
2020-04-26 22:00:00,7.37475,7.605,7.02108,7.0695,2019469480
2020-05-03 22:00:00,7.022,7.81875,7.022,7.8125,1723554040
2020-05-10 22:00:00,7.8075,8.5005,7.59475,8.49075,3177943600
2020-05-17 22:00:00,8.7605,9.093,8.6805025,9.02625,3881096240
2020-05-24 22:00:00,9.15675,9.18175,7.99675,8.8755,3428719200
2020-05-31 22:00:00,8.83325,8.997,8.658,8.92,2053294880
2020-06-07 22:00:00,8.87725,9.5,8.68575,8.9325,2642965960
2020-06-14 22:00:00,8.81525,9.445,8.74375,9.26125,2122592840
2020-06-21 22:00:00,9.3,9.6425,9.125,9.155,2191102520
2020-06-28 22:00:00,9.16975,9.7375,8.9,9.61225,1400841000
2020-07-05 22:00:00,9.74175,10.65525,9.7125,10.47925,2031395920
2020-07-12 22:00:00,10.595,10.7922475,9.7855,10.2015,2014983440
2020-07-19 22:00:00,10.27425,10.6025,9.777,10.1945,1814761800
2020-07-26 22:00:00,10.23225,10.7665,10.20925,10.61475,1543440080
2020-08-02 22:00:00,10.7325,11.50475,10.71525,11.1995,1560685200
2020-08-09 22:00:00,11.33425,11.72175,10.79575,11.564,1988145080
2020-08-16 22:00:00,11.85125,12.8087,11.81719,12.6835,3668625200
2020-08-23 22:00:00,12.88375,13.148,12.5075,13.14775,1955645360
2020-08-30 22:00:00,13.182785,14.7267475,11.70475,12.6225,4296136920
2020-09-06 22:00:00,11.7345,13.06525,11.70425,12.1645,2867539080
2020-09-13 22:00:00,13.081,13.315,11.98875,12.18925,3977874600
2020-09-20 22:00:00,11.925,12.8835,11.9045,12.87375,3333763440
2020-09-27 22:00:00,13.04025,13.7627375,12.75,13.06225,2963496440
2020-10-04 22:00:00,13.236,14.142,13.222765,13.76275,2408115080
2020-10-11 22:00:00,13.9895,14.3484975,13.76775,13.8115,1565858760
2020-10-18 22:00:00,13.902875,13.9834975,13.23175,13.59025,1270841640
2020-10-25 22:00:00,13.427,13.6927925,12.3,12.534,1701409920
2020-11-01 22:00:00,12.65775,14.58875,12.395,14.562,1685160600
2020-11-08 22:00:00,14.5525,14.6915,12.62825,13.297,2345185840
2020-11-15 22:00:00,13.1725,13.6495,13.065,13.08775,2143752080
2020-11-22 22:00:00,13.17113,13.4075,12.885,13.26125,1135045760
2020-11-29 22:00:00,13.265,13.6734425,12.9723525,13.55825,1269648520
2020-12-06 22:00:00,13.60125,13.73125,12.823,13.01325,1313495680
2020-12-13 22:00:00,13.087875,13.464,13.0705,13.272,1260207000
2020-12-20 22:00:00,13.07475,13.37,12.93875,12.99375,765673320
2020-12-27 22:00:00,13.0625,13.21375,12.763175,13.055,800759360
2021-01-03 22:00:00,13.10425,13.6524975,12.586,13.27675,2217834800
2021-01-10 22:00:00,13.41875,13.961,12.8485,12.8595,1581436520
2021-01-17 22:00:00,13.01625,13.9993575,12.844,13.7125,1069915920
2021-01-24 22:00:00,13.78175,13.8285,12.79375,12.98975,1286232400
2021-01-31 22:00:00,13.0533375,13.93175,12.90275,13.591,1053544000
2021-02-07 22:00:00,13.727215,15.2911375,13.727215,14.96125,2033120480
2021-02-14 22:00:00,15.06425,15.3725,14.575,14.9265,1103463120
2021-02-21 22:00:00,14.77475,15.13325,13.21625,13.7145,2491350400
2021-02-28 22:00:00,13.875,13.925,11.67925,12.4615,2111071400
2021-03-07 22:00:00,12.45,13.04625,11.5665,12.856,1993192000
2021-03-14 22:00:00,12.86475,13.5125,12.6125,12.84575,1331909280
2021-03-21 22:00:00,12.91275,13.3945,12.272,12.83925,1424801200
2021-03-28 22:00:00,12.82025,13.87,12.7,13.81175,1096774480
2021-04-04 22:00:00,13.8675,14.4715,13.7115,14.4,1138287520
2021-04-11 22:00:00,14.28975,16.21415,14.13925,15.9125,2864724040
2021-04-18 22:00:00,15.53654,15.8075,14.7835,15.26525,1460886640
2021-04-25 22:00:00,15.185045,15.6705,14.997,15.0095,946892840
2021-05-02 22:00:00,15.125,15.24675,14.0102525,14.81225,1323967920
2021-05-09 22:00:00,14.78725,14.806,13.459,14.243,1402240960
2021-05-16 22:00:00,14.157,15.222,13.54325,14.99175,1741818360
2021-05-23 22:00:00,15.2125,16.277475,15.176,16.2445,2586672520
2021-05-30 22:00:00,16.27,17.661,15.90325,17.57825,2264097640
2021-06-06 22:00:00,17.57114,17.939225,17.1760025,17.82525,1985337240
2021-06-13 22:00:00,17.906,19.375,17.584425,18.63875,2650036480
2021-06-20 22:00:00,18.43525,19.42,17.82265,19.031,2184173080
2021-06-27 22:00:00,19.36125,20.50525,19.319,20.487,2013168200
2021-07-04 22:00:00,20.7375,20.875,19.70075,20.05025,1665057120
2021-07-11 22:00:00,20.24,20.53275,18.073,18.161,2231577440
2021-07-18 22:00:00,17.91525,19.887,17.8655,19.558,2074260590
2021-07-25 22:00:00,19.311,19.853,18.741,19.499,1029275230
2021-08-01 22:00:00,19.7,20.733,19.22,20.366,1140496090
2021-08-08 22:00:00,20.446,20.50799,19.43,20.188,846530130
2021-08-15 22:00:00,20.135,20.86506,18.762,20.816,2143947210
2021-08-22 22:00:00,20.971,22.722,20.95,22.636,1763469150
2021-08-29 22:00:00,22.82997,23.043,22.12,22.843,1193138080
2021-09-05 22:00:00,22.833,22.899,21.977,22.478,897773120
2021-09-12 22:00:00,22.684,22.964,21.83,21.9,1114328790
2021-09-19 22:00:00,21.146,22.5345,20.662,22.081,1289064470
2021-09-26 22:00:00,21.71035,21.799,20.203,20.742,1268664800
2021-10-03 22:00:00,20.504,21.322,19.555,20.831,1330295210
2021-10-10 22:00:00,20.575,21.931,20.511,21.862,976755780
2021-10-17 22:00:00,21.749,23.13,21.644,22.726,934216900
2021-10-24 22:00:00,22.973,25.709,22.77,25.567,1488830170
2021-10-31 22:00:00,25.649,31.4,25.227,29.752,2804653780
2021-11-07 22:00:00,30.149,32.31,28.778,30.39,2531279250
2021-11-14 22:00:00,30.552,33.088,28.8,32.985,2393478060
2021-11-21 22:00:00,33.517,34.647,30.88,31.503,2004729060
2021-11-28 22:00:00,32.366,33.412,30.13,30.693,2580047870
2021-12-05 22:00:00,29.88,32.449,28.038,30.198,2704875630
2021-12-12 22:00:00,30.249,31.16,27.25,27.801,3387664250
2021-12-19 22:00:00,27.305,30.059,27.145,29.64,1724437820
2021-12-26 22:00:00,29.66,31.33,29.33057,29.411,1742810490
2022-01-02 22:00:00,29.815,30.711,27.057,27.247,2281746100
2022-01-09 22:00:00,26.581,28.595,25.64384,26.942,2316884160
2022-01-16 22:00:00,26.26,26.638,23.263,23.374,2067759250
2022-01-23 22:00:00,22.33,24.057,20.888,22.84,3453512690
2022-01-30 22:00:00,23.182,25.817,23.052,24.319,2392030540
2022-02-06 22:00:00,24.372,26.92499,23.773,23.949,2430179500
2022-02-13 22:00:00,23.934,26.582,23.1,23.642,3446703550
2022-02-20 22:00:00,23.035,24.217,20.89,24.157,2464599350
2022-02-27 22:00:00,23.992,24.665,22.482,22.936,2076122180
2022-03-06 22:00:00,22.817,23.22,20.65,22.1,2296304250
2022-03-13 22:00:00,21.869,26.56899,21.15901,26.453,2751431420
2022-03-20 22:00:00,26.507,28.358,25.57501,27.692,3097249360
2022-03-27 22:00:00,27.7555,28.946,26.267,26.712,2418640780
2022-04-03 22:00:00,26.728,27.558,23.06201,23.119,2620928110
2022-04-10 22:00:00,22.214,22.777,21.163,21.258,2323505200
2022-04-17 22:00:00,21.2,22.67037,19.5,19.515,2788378500
2022-04-24 22:00:00,19.202,20.12848,18.29,18.547,2864929900
2022-05-01 22:00:00,18.5405,20.4,17.99,18.675,2956282280
2022-05-08 22:00:00,18.034,18.255,15.567,17.706,3455260710
2022-05-15 22:00:00,17.509,18.371,15.755,16.694,3012851600
2022-05-22 22:00:00,16.274,18.881,15.78,18.811,3744524480
2022-05-29 22:00:00,18.98,19.619,18.122,18.72,2456047910
2022-06-05 22:00:00,19.139,19.337,16.869,16.974,2035796170
2022-06-12 22:00:00,16.0,16.868,15.328,15.88,2813851190
2022-06-19 22:00:00,16.4745,17.14,15.853,17.126,1856918740
2022-06-26 22:00:00,17.312,17.33,14.392,14.523,2635859630
2022-07-03 22:00:00,14.175,16.03699,14.055,15.838,2142147990
2022-07-10 22:00:00,15.526,15.782,14.465,15.762,2260960480
2022-07-17 22:00:00,16.302,18.144,16.002,17.319,3227141480
2022-07-24 22:00:00,17.019,18.244,16.478,18.163,2358495350
2022-07-31 22:00:00,18.182,19.274,17.99,18.989,2179862090
2022-08-07 22:00:00,17.502,18.718,16.724,18.709,3236888990
2022-08-14 22:00:00,18.701,19.164,17.77,17.849,2212739200
2022-08-21 22:00:00,17.49,17.947,16.237,16.26,2842057950
2022-08-28 22:00:00,16.02,16.338,13.27021,13.647,3522045090
2022-09-04 22:00:00,13.731,14.474,13.346,14.387,2160410180
2022-09-11 22:00:00,14.369,14.547,12.617,13.198,2981997970
2022-09-18 22:00:00,13.012,14.031,12.257,12.516,3324653900
2022-09-25 22:00:00,12.491,12.823,11.94601,12.139,2742012170
2022-10-02 22:00:00,12.347,13.656,12.022,12.076,2955425920
2022-10-09 22:00:00,12.037,12.12432,10.813,11.227,3422306070
2022-10-16 22:00:00,11.518,12.769,11.517,12.466,3025158860
2022-10-23 22:00:00,12.508,13.85,12.064,13.834,2662626030
2022-10-30 22:00:00,13.778,14.229,12.956,14.156,2704426500
2022-11-06 22:00:00,14.228,16.389,13.75901,16.327,2816073320
2022-11-13 22:00:00,16.218,16.998,15.12001,15.409,2926240000
2022-11-20 22:00:00,15.147,16.527,15.08,16.27,1472780610
2022-11-27 22:00:00,16.026,17.265,15.52,16.876,2010199870
2022-12-04 22:00:00,16.679,17.583,15.667,17.001,2058130750
2022-12-11 22:00:00,17.037,18.79,16.41,16.571,2567578690
2022-12-18 22:00:00,16.572,16.627,14.882,15.206,1996694840
2022-12-25 22:00:00,15.074,15.1,13.884,14.614,1481381780
2023-01-01 22:00:00,14.851,15.01,14.034,14.859,1626811910
2023-01-08 22:00:00,15.284,16.922,15.141,16.899,2240312870
2023-01-15 22:00:00,16.899,17.873,16.731,17.839,1968624430
2023-01-22 22:00:00,18.064,20.628,17.8175,20.365,2632581200
2023-01-29 22:00:00,19.95,21.949,18.95,21.1,2640746520
2023-02-05 22:00:00,20.806,23.02,20.786,21.265,2750610450
2023-02-12 22:00:00,21.538,23.0488,20.962,21.388,2449494300
2023-02-19 22:00:00,21.0,23.888,20.421,23.286,2630910190
2023-02-26 22:00:00,23.67,23.9,22.432,23.89,2171450040
2023-03-05 22:00:00,23.891,24.454,22.726,22.965,2442279140
2023-03-12 22:00:00,22.752,26.399,22.297,25.725,2854779010
2023-03-19 22:00:00,25.615,27.589,25.12983,26.779,2797752890
2023-03-26 22:00:00,26.837,27.83431,25.85,27.777,1909271900
2023-04-02 22:00:00,27.509,28.0,26.395,27.037,1679976210
2023-04-09 22:00:00,26.823,27.79,26.22,26.758,1905191080
2023-04-16 22:00:00,26.5655,28.11,26.43318,27.119,2057759280
2023-04-23 22:00:00,27.013,27.758,26.225,27.749,1793523160
2023-04-30 22:00:00,27.84,29.05844,27.24,28.68,2039789990
2023-05-07 22:00:00,28.522,29.22,28.046,28.34,1625569620
2023-05-14 22:00:00,28.5085,31.828,28.152,31.264,2398498880
2023-05-21 22:00:00,30.901,39.48,29.806,38.946,3707978870
2023-05-28 22:00:00,40.595,41.938,37.822,39.327,3044585460
2023-06-04 22:00:00,38.909,39.711,37.356,38.77,2142310710
2023-06-11 22:00:00,39.2,43.721,38.618,42.692,2967677980
2023-06-18 22:00:00,42.998,43.99,42.015,42.209,1778633290
2023-06-25 22:00:00,42.461,42.764,40.1,42.302,2520797940
2023-07-02 22:00:00,42.517,43.214,41.346,42.503,1181847010
2023-07-09 22:00:00,42.657,48.088,41.649,45.469,2383708210
2023-07-16 22:00:00,46.289,47.89599,44.1,44.309,3009813570
2023-07-23 22:00:00,44.731,47.395,44.04,46.75,1882587670
2023-07-30 22:00:00,46.754,47.13,43.387,44.68,1708215600
2023-08-06 22:00:00,45.111,45.54,40.639,40.855,2288236600
2023-08-13 22:00:00,40.486,45.268,40.311,43.299,2930410710
2023-08-20 22:00:00,44.494,50.266,44.222,46.018,4310210970
2023-08-27 22:00:00,46.482,49.927,44.888,48.509,3114195270
2023-09-03 22:00:00,48.223,48.85081,45.152,45.572,1758551980
2023-09-10 22:00:00,46.148,46.163,43.808,43.9,2098504950
2023-09-17 22:00:00,42.748,44.242,40.98,41.61,2170414990
2023-09-24 22:00:00,41.591,44.144,41.177,43.499,2088800970
2023-10-01 22:00:00,44.03,45.789,43.246,45.762,2093887720
2023-10-08 22:00:00,44.842,47.609,44.368,45.461,2113144680
2023-10-15 22:00:00,45.063,46.225,41.078,41.387,2793225380
2023-10-22 22:00:00,41.229,43.697,39.88019,40.5,2236158810
2023-10-29 22:00:00,41.087,45.30899,39.23001,45.005,2177371200
2023-11-05 22:00:00,45.2845,48.472,44.899,48.335,2053555290
2023-11-12 22:00:00,48.32,49.96,48.09901,49.298,1942240070
2023-11-19 22:00:00,49.312,50.548,47.69,47.776,2177176440
2023-11-26 22:00:00,47.8,48.762,46.187,46.765,2074721040
2023-12-03 22:00:00,46.077,47.74085,45.01,47.506,1899896860
2023-12-10 22:00:00,47.491,49.404,45.83,48.89,2201086130
2023-12-17 22:00:00,49.4,50.43299,48.098,48.83,1827858130
2023-12-24 22:00:00,48.968,49.997,48.751,49.522,1113728280
2023-12-31 22:00:00,49.244,49.547,47.32,49.097,1453724550
2024-01-07 22:00:00,49.512,55.346,49.479,54.71,2899158090
2024-01-14 22:00:00,55.018,59.5,54.74,59.491,1959126010
2024-01-21 22:00:00,60.049,62.849,58.585,61.031,2180965270
2024-01-28 22:00:00,61.232,66.6,60.7,66.16,2058986590
2024-02-04 22:00:00,68.225,72.185,66.3,72.133,2709822920
2024-02-11 22:00:00,72.6,74.611,69.62,72.613,2636656180
2024-02-18 22:00:00,71.947,82.394,66.248,78.817,3089619340
2024-02-25 22:00:00,79.7,82.3,77.125,82.279,2275212450
2024-03-03 22:00:00,84.13,97.4,83.41701,87.528,3469164270
2024-03-10 22:00:00,86.429,91.96,84.166,87.8365,3226556480
2024-03-17 22:00:00,90.388,94.77799,85.01,94.289,2887301660
2024-03-24 22:00:00,93.941,96.76599,89.123,90.356,2087063160
2024-03-31 22:00:00,90.299,92.225,85.88,88.008,2090214970
2024-04-07 22:00:00,88.7,90.73899,83.022,88.186,2077137940
2024-04-14 22:00:00,89.098,90.613,75.606,76.2,2631387820
2024-04-21 22:00:00,78.104,88.33093,76.4,87.735,2522758920
2024-04-28 22:00:00,87.595,89.281,81.25456,88.789,2088780890
2024-05-05 22:00:00,89.39,92.22,88.231,89.878,1852603270
2024-05-12 22:00:00,90.478,95.81899,88.529,92.479,1687565550
2024-05-19 22:00:00,93.75,106.475,93.18,106.469,2460917860
2024-05-26 22:00:00,110.244,115.81915,106.94,109.633,2310782650
2024-06-02 22:00:00,113.621,125.587,112.003,120.888,2447199540
2024-06-09 22:00:00,120.37,132.84,117.01,131.88,1406333722
2024-06-16 22:00:00,132.99,140.76,124.3,126.57,1756092587
2024-06-23 22:00:00,123.24,128.12,118.04,123.54,1832912673
2024-06-30 22:00:00,123.47,128.85,118.83,125.83,933185147
2024-07-07 22:00:00,127.49,136.15,127.04,129.24,1401139984
2024-07-14 22:00:00,130.56,131.39,116.56,117.93,1351385198
2024-07-21 22:00:00,120.35,124.69,106.3,113.06,1513222902
2024-07-28 22:00:00,113.69,120.16,101.37,107.27,2213649314
2024-08-04 22:00:00,92.06,108.8,90.69,104.75,2056049067
2024-08-11 22:00:00,106.32,125.0,106.26,124.58,1598129482
2024-08-18 22:00:00,124.28,130.75,123.1,129.37,1575723972
2024-08-25 22:00:00,129.57,131.26,116.71,119.37,1869975248
2024-09-01 22:00:00,116.01,116.21,100.95,102.83,1570114185
2024-09-08 22:00:00,104.88,120.79,103.69,119.1,1589076945
2024-09-15 22:00:00,116.79,119.66,113.22,116.0,1466985987
2024-09-22 22:00:00,116.55,127.665,114.86,121.4,1419480253
2024-09-29 22:00:00,118.31,125.04,115.14,124.92,1272577548
2024-10-06 22:00:00,124.99,135.78,124.95,134.8,1290685141
2024-10-13 22:00:00,136.47,140.89,128.74,138.0,1357584514
2024-10-20 22:00:00,138.13,144.42,137.46,141.54,1154273138
2024-10-27 22:00:00,143.0,143.14,132.1106,135.4,987765940
2024-11-03 22:00:00,137.21,149.77,135.57,147.63,973098624
2024-11-10 22:00:00,148.68,149.65,140.08,141.98,1017459795
2024-11-17 22:00:00,139.5,152.89,137.15,141.95,1396925283
2024-11-24 22:00:00,141.99,142.05,131.8,138.25,903463597
2024-12-01 22:00:00,138.83,146.54,137.825,142.44,928447790
2024-12-08 22:00:00,138.97,141.82,132.54,134.25,974960979
2024-12-15 22:00:00,134.18,136.7,126.86,134.7,1291053689
2024-12-22 22:00:00,136.28,141.9,134.71,137.01,568312188
2024-12-29 22:00:00,134.83,144.9,133.83,144.47,750963555
2025-01-05 22:00:00,148.59,153.13,134.22,135.91,1052111995
2025-01-12 22:00:00,129.99,138.75,129.51,137.71,996041080
2025-01-19 22:00:00,139.16,148.97,137.09,142.62,825973564
2025-01-26 22:00:00,124.8,129.0,116.25,120.07,2648916253
2025-02-02 22:00:00,114.75,130.37,113.01,129.84,1370566218
2025-02-09 22:00:00,130.09,139.25,129.08,138.85,949079549
2025-02-16 22:00:00,141.27,143.44,134.03,134.43,758833801
2025-02-23 22:00:00,136.56,138.59,116.4,124.92,1677630653
2025-03-02 22:00:00,123.51,123.7,107.56,112.69,1756819893
2025-03-09 22:00:00,109.9,121.88,104.77,121.67,1621837095
2025-03-16 22:00:00,122.74,122.89,114.54,117.7,1343942927
2025-03-23 22:00:00,119.88,122.22,109.0701,109.67,1159106003
2025-03-30 22:00:00,105.13,111.98,92.11,94.31,1613471152
2025-04-06 22:00:00,87.46,115.1,86.62,110.93,2451432693
